编排顺序,文件路径,原始物理行数,原始非空行数,排版后物理行数,排版后非空非纯注释行数,原文件SHA256
1,miniprogram/app.ts,21,19,21,17,52a7ad5a67dff70a8556339e7a25a5cdafc0fdc98b1492b03313dff806a3bebf
2,admin/src/main.ts,8,7,8,7,b62ec603a513c1d9d9db16766592cacf457a64bc1261f1239b3452c061338cc0
3,admin/src/App.vue,17,15,17,15,fa63ad68edd4ac4b07e4221f5ac611f28a4874c5761ee3b0c8e0ca33b56459da
4,backend/app/main.py,216,203,216,202,a72cebd97a411668893bd94f1f53dec9962a36f01e166113c314ff57c28bc8ef
5,miniprogram/pages/onboarding/index.ts,14,13,31,30,a34bb165ddcd5077783db5e73cb561dc77d7a897ed460821005f9b174d4d02d7
6,miniprogram/pages/identity-verification/index.ts,16,15,34,33,14fea321437504785fa667436812c1a0dfd163916643f140f56ae16c9ed551cc
7,miniprogram/pages/today/index.ts,49,48,136,135,5062f0c122a6d7bb005b400ca78d5779d3ef5c2b8141930f3ee7a7f0c77c76e7
8,miniprogram/pages/assessment-center/index.ts,11,10,50,49,1162117fd6bb809661e8c12fbe1fb7b7b3c23e8f9d2bbafa6409778959cacac3
9,miniprogram/pages/assessment-answer/index.ts,15,14,132,131,3a700ebb920e6659b380677d1e9aa9f43e355c0827d623d43f709cb3ad137caf
10,miniprogram/pages/assessment-result/index.ts,9,8,25,24,28db7163f19472fbcb145b67a1258dfeae25c654f36addd9d8d043c2e8e47c2f
11,miniprogram/pages/safety-confirmation/index.ts,8,7,37,36,acbeeafb1190e3b3d601c1010f9a9e71aebbf70eaf7a877cb201a7dfd57d4cfd
12,miniprogram/pages/support-resources/index.ts,11,10,52,51,5760ac534a82b83fd3630287d113ac782c27c293b047b25c30210b77c5d13637
13,miniprogram/pages/history/index.ts,10,9,32,31,1075a26247ca72f23bed25c69a655c9f345651caa2852a2f9f5d3ae1faed84b2
14,miniprogram/pages/treehole/index.ts,12,11,47,46,88902bc11d1505adb3789895345e340edcc770ad540bf36e335b0390d7790fa0
15,miniprogram/pages/treehole-publish/index.ts,8,7,39,38,465339aaf45b241038c182e5dac52295895d3a28c9bb2edcf9d482201b2a20c2
16,miniprogram/pages/treehole-status/index.ts,5,5,24,24,c321cb9e2deec4cec6a16959813cde42b58bea084d0b70163f26f7ca36b0a46d
17,miniprogram/pages/treehole-detail/index.ts,12,11,59,58,3847077f565cce8970b2a9509c25875ef467aeac25d0e23785de4cb83a768367
18,miniprogram/pages/my/index.ts,9,8,26,25,9df5202f2771b660b1efe60262cf55a472ab2fe57cca108ddce4871d5120610c
19,miniprogram/pages/anonymous-identity/index.ts,2,2,19,19,e06a978daef8c184c37b064f9385eb769d846f854ee75b0e47daac3448dacc94
20,miniprogram/pages/my-content/index.ts,3,3,26,26,1351621aa5e4aec8497a19651f4783c1904ec364627dbdc4a1e781e5922ebf98
21,miniprogram/pages/privacy/index.ts,3,3,36,36,45394cceaa5a35adb715a9d0c7bc8d7c22d50c5d1d7fc7360ede942bc5408b36
22,miniprogram/pages/account-stop/index.ts,2,2,24,24,7946266e1b4a673a62362641122a1b50c152a9f137189f8cb96881b71349a900
23,miniprogram/pages/account-recover/index.ts,2,2,17,17,dd94ccb02966612edd118265334f400d58619662f17eaf3c2d36cb37b8b515ca
24,miniprogram/pages/delete-confirmation/index.ts,3,3,33,33,9a8601fe3bd47f420ed73ffe5d59dbe776386bc050574c33c53bdf57aae0424a
25,miniprogram/app.json,44,44,64,64,00d56b43d33efbd2085dfc4139721f28b3dc148b39870ff09c3d777f80c37ad6
26,miniprogram/app.wxss,132,119,395,380,42155dbdffd5cfe03afc2b3b1b0d64e79ba0aa3de447a975e6e37c5d4c84c379
27,miniprogram/components/assessment-progress/index.json,1,1,1,1,6bcc2e9e536384851fcfbdd823aee8ae4331243636adc4a656a64a44d9cf9318
28,miniprogram/components/assessment-progress/index.ts,14,14,18,18,b742985bbfd4a050293d31246d37a3482189078bee4560511089dea43008e03f
29,miniprogram/components/assessment-progress/index.wxml,1,1,9,9,dde496cd0ba0f733b4b2ecd7d302ce2a63767bbe7b4bfa115dc8cc70f0753e9c
30,miniprogram/components/assessment-progress/index.wxss,1,1,14,14,4d3504c66de2986d33e51a9f0f293727d04eb06ee83e8d0ec90d22a46f950487
31,miniprogram/components/bottom-nav/index.json,1,1,1,1,6bcc2e9e536384851fcfbdd823aee8ae4331243636adc4a656a64a44d9cf9318
32,miniprogram/components/bottom-nav/index.ts,1,1,25,25,d6417d78c7fc30edabdc2bd88ac747110f42c3ece4455ce59d9c41a7b184b87a
33,miniprogram/components/bottom-nav/index.wxml,1,1,10,10,f50c967105748da7827b23d32e3dd28892b68de01681b521033220eff54becf3
34,miniprogram/components/bottom-nav/index.wxss,3,3,25,25,2b8dedbdec191815a3a9996c430546050d86ec1c55eba5660bb588840f810328
35,miniprogram/components/confirm-sheet/index.json,1,1,1,1,6bcc2e9e536384851fcfbdd823aee8ae4331243636adc4a656a64a44d9cf9318
36,miniprogram/components/confirm-sheet/index.ts,1,1,16,16,cefe5ad159b25e62476db36ee0f95c6424956afb068ed71430d4d6c2df7bcb77
37,miniprogram/components/confirm-sheet/index.wxml,1,1,13,13,bf4e71826f10a5872b25489f3135b816aed0e24463e6672ca4d0c3003f633705
38,miniprogram/components/confirm-sheet/index.wxss,10,10,56,56,383a54e79e0e9d6541fe8add769dc504147458f2583b147a4025453426c8dfb2
39,miniprogram/components/content-status/index.json,1,1,1,1,6bcc2e9e536384851fcfbdd823aee8ae4331243636adc4a656a64a44d9cf9318
40,miniprogram/components/content-status/index.ts,1,1,1,1,2d528c07d94379c583fabfacc518a7dc03bb555c9953751852e602e0d84317ea
41,miniprogram/components/content-status/index.wxml,1,1,4,4,40f236001e2ad5c479589fc5d961446c9bc64d35df5472bf12fd89c2b06ae845
42,miniprogram/components/content-status/index.wxss,1,1,17,17,1a89a2028ebd05173a3c821f7f38639fa92e896f558d4b4729592ed065935ccd
43,miniprogram/components/daily-quote/index.json,1,1,1,1,6bcc2e9e536384851fcfbdd823aee8ae4331243636adc4a656a64a44d9cf9318
44,miniprogram/components/daily-quote/index.ts,1,1,7,7,0942e83ddc7b8ba330ef5f3a09288c19e281e1a31bdfe05b4714c9eebc740d70
45,miniprogram/components/daily-quote/index.wxml,1,1,5,5,1abc24b0046ab3a619d2cb76cb9717273b62b9713cea983e64e6647d880246d0
46,miniprogram/components/daily-quote/index.wxss,1,1,14,14,08373679c491c14bb289c4ecf0add2ec83c6c4d389a62b9e17d5c53ba9b2d0a8
47,miniprogram/components/empty-state/index.json,1,1,1,1,6bcc2e9e536384851fcfbdd823aee8ae4331243636adc4a656a64a44d9cf9318
48,miniprogram/components/empty-state/index.ts,1,1,11,11,c6a70df2f275a78772f8fb95cee638a08a05f42cb81ba80cd49e757a6086d6a1
49,miniprogram/components/empty-state/index.wxml,1,1,6,6,a9efe025ee5d3717e869a58ec85287475c81b4d7c37e01613687663f24997a81
50,miniprogram/components/empty-state/index.wxss,4,4,22,22,5cdb7d587c7585f2572d0b82165ec25a0bc62e1c465e6a3383a2d65ba6267dd9
51,miniprogram/components/history-item/index.json,1,1,1,1,6bcc2e9e536384851fcfbdd823aee8ae4331243636adc4a656a64a44d9cf9318
52,miniprogram/components/history-item/index.ts,1,1,13,13,18d78295f585fedf8fcb2141a96d726c437ed92fd44e63fb4d137ec8efe2b3dd
53,miniprogram/components/history-item/index.wxml,1,1,6,6,05727242a4cbd0ba7f5a111d489a691ed137d78c4861235ab26e6847cc78d4a8
54,miniprogram/components/history-item/index.wxss,1,1,6,6,6c4c485fb9308e0cd1fb8579fb34fc46b72ab86c8c855ea88aefaa2f89ff4cf1
55,miniprogram/components/mood-picker/index.json,1,1,1,1,6bcc2e9e536384851fcfbdd823aee8ae4331243636adc4a656a64a44d9cf9318
56,miniprogram/components/mood-picker/index.ts,1,1,10,10,09f304320f364578857b6b6e10aaeee420a4f7757542f4007e227317a8182b71
57,miniprogram/components/mood-picker/index.wxml,1,1,10,10,8f888309074b5f779cb3c0fb2a93d05f8d442e4be45cec1ee6adc9b7956e089a
58,miniprogram/components/mood-picker/index.wxss,1,1,8,8,76cc504fd4f52f66b074d32f17d07ef666ab201b6dc7e52f2bc4d9f6bb7df820
59,miniprogram/components/page-container/index.json,1,1,1,1,6bcc2e9e536384851fcfbdd823aee8ae4331243636adc4a656a64a44d9cf9318
60,miniprogram/components/page-container/index.ts,1,1,1,1,afbe95f3d213aa44846285612bd99c4258a4e7f9921c31c05810be04ff6dde78
61,miniprogram/components/page-container/index.wxml,1,1,3,3,af1b419df63827cda70058701d8aa0a202cdfd8c8e7fccc26aebc8c922234df2
62,miniprogram/components/page-container/index.wxss,4,4,21,21,b4522608fcd6ee5a3a2a1dccc7646806fd4fa642c54a21e0289708aa3b8d563f
63,miniprogram/components/primary-button/index.json,1,1,1,1,6bcc2e9e536384851fcfbdd823aee8ae4331243636adc4a656a64a44d9cf9318
64,miniprogram/components/primary-button/index.ts,1,1,13,13,8815e4a558ca5bf0f7ffca48ef2583ca5936718fdcd24d55c612ca3c1b0587ca
65,miniprogram/components/primary-button/index.wxml,1,1,6,6,30a1696655fae2870c8134067f3d3d943acbca50434c5cf30ae1ae1ca3e8cb2a
66,miniprogram/components/primary-button/index.wxss,4,4,21,21,2a828b57018c4340c0a57313512fe05df61ff1e51e881e0dbf60504e8b0a9c61
67,miniprogram/components/question-option/index.json,1,1,1,1,6bcc2e9e536384851fcfbdd823aee8ae4331243636adc4a656a64a44d9cf9318
68,miniprogram/components/question-option/index.ts,1,1,8,8,9a112698cd2ee3ee7cff7e8fd07036ffada5dcfdef859e2eaa9335019d84da89
69,miniprogram/components/question-option/index.wxml,1,1,3,3,5e8ff49b1e8de564e418e13346716260336d1c08a90a73339a82f3307f71e650
70,miniprogram/components/question-option/index.wxss,2,2,15,15,f9a84299b78f99a14b28bd3d1015fb2bea521c81e91fdeeb052cfa74554f711d
71,miniprogram/components/result-summary/index.json,1,1,1,1,6bcc2e9e536384851fcfbdd823aee8ae4331243636adc4a656a64a44d9cf9318
72,miniprogram/components/result-summary/index.ts,1,1,8,8,b52b5a37072b0655f5718b6fc0b212eee3ded034767be14076d201c55e7585a8
73,miniprogram/components/result-summary/index.wxml,1,1,5,5,e666f0b1f9d0380394aa40e63cc58a9d60114ba3b7fcbe89f288e524374cc24e
74,miniprogram/components/result-summary/index.wxss,1,1,8,8,a0deac908e588594242844811c0a3a799429164d7d16058ff9a8466c4c8eed4f
75,miniprogram/components/state-message/index.json,1,1,1,1,6bcc2e9e536384851fcfbdd823aee8ae4331243636adc4a656a64a44d9cf9318
76,miniprogram/components/state-message/index.ts,1,1,12,12,87289b215ebe3000333845f53f53726ab8d03bab3a81b7ef4ba3fd5ba84feedc
77,miniprogram/components/state-message/index.wxml,1,1,7,7,550d1db25d92389aed4331be9147fcfb608e9c5cbece25150b432062de81f40b
78,miniprogram/components/state-message/index.wxss,5,5,29,29,d1fb024daa2d15d1d5a855fa8c1236557f9272661ec09422a61e394edf9d9041
79,miniprogram/components/support-resource-list/index.json,1,1,1,1,6bcc2e9e536384851fcfbdd823aee8ae4331243636adc4a656a64a44d9cf9318
80,miniprogram/components/support-resource-list/index.ts,1,1,10,10,d2b84de33ede959252fc44d2cb958a991672ae97cc8f11aee6f58ba61d140068
81,miniprogram/components/support-resource-list/index.wxml,1,1,13,13,1cc2369bda0c763ce298b3d171a4c72cafc9fc0c315cb904fc3c103315b70045
82,miniprogram/components/support-resource-list/index.wxss,1,1,15,15,b7cce3f0f22ebd011901be466a1b7da1af26b86a5b0cb96f9efbef30a10d6a31
83,miniprogram/components/today-entry/index.json,1,1,1,1,6bcc2e9e536384851fcfbdd823aee8ae4331243636adc4a656a64a44d9cf9318
84,miniprogram/components/today-entry/index.ts,1,1,8,8,574e598a9369a178fbea1ac407a8fb1548f7309a821f086c287e71df9656c1c7
85,miniprogram/components/today-entry/index.wxml,1,1,4,4,a855b15fcb4e374705e3374b8d74818e510b4cce1f985400594b7d000a619d69
86,miniprogram/components/today-entry/index.wxss,1,1,12,12,dd37889efda720482590c0dfb5127cb465ec09a32a698e0d7f773381a69d57f1
87,miniprogram/components/top-bar/index.json,1,1,1,1,6bcc2e9e536384851fcfbdd823aee8ae4331243636adc4a656a64a44d9cf9318
88,miniprogram/components/top-bar/index.ts,1,1,11,11,49274a1923b03cdebe646a179da693afc1638b441e786770f5826c6cda30cac8
89,miniprogram/components/top-bar/index.wxml,1,1,5,5,f60db645999965a5c5ce804588947a92cf76dc318c839945164afa68e0ce3ebb
90,miniprogram/components/top-bar/index.wxss,4,4,26,26,e1d3d92985053a41333785ad31966ca0cc9ae0aa856ea3d57aec04dabe3ab04c
91,miniprogram/components/treehole-post/index.json,1,1,1,1,6bcc2e9e536384851fcfbdd823aee8ae4331243636adc4a656a64a44d9cf9318
92,miniprogram/components/treehole-post/index.ts,1,1,13,13,3d130e5e3d13a193a83d60bd34cbaac3ea4ea74bfae23301c4e3c0a3f43a15be
93,miniprogram/components/treehole-post/index.wxml,1,1,6,6,85226002151a8d3fd278f8b4011dd8afb2d28f8d18f6f4a78862f33899f3a30d
94,miniprogram/components/treehole-post/index.wxss,1,1,10,10,d7b655f6b5431f68f8877e633c6d4f7988a8da4c26fb1c0d004c4ccd7cf2d9d4
95,miniprogram/config/local-preview.ts,7,7,7,6,e0014b709f8baa6a1abf9116ae85778d48d66cf0b3a8fc26fb902021008f5e16
96,miniprogram/config/runtime.ts,47,40,64,55,0305ea4ba793d664a72e138c2bab2f6bcf493ad7da5f9f9f13c45152ce5c9b0a
97,miniprogram/pages/account-recover/index.json,1,1,7,7,4a920fe4f2f8e939da403c489ff8cd0ba34db74db1786c6dea0db1693d09063d
98,miniprogram/pages/account-recover/index.wxml,1,1,17,17,cbebb4cadeb599a21332d3472c4c6879af47f3fd95d7fea6cd5b8cf9556a4062
99,miniprogram/pages/account-stop/index.json,1,1,7,7,4a920fe4f2f8e939da403c489ff8cd0ba34db74db1786c6dea0db1693d09063d
100,miniprogram/pages/account-stop/index.wxml,1,1,22,22,dfac3e4138b83dbcabed1052a686e920c8e6bb8ba97ee90209e51f6293358031
101,miniprogram/pages/anonymous-identity/index.json,1,1,6,6,07c90ef40170c2e9baa520c59f652d2466d71f2eb8c978334a7862947fd1e857
102,miniprogram/pages/anonymous-identity/index.wxml,1,1,18,18,839a076f5df2242baa81bfcc572a9ae018a9fa069beec2409a4978a9b02f2806
103,miniprogram/pages/assessment-answer/index.json,1,1,9,9,89217382887de539a4c0080f04b10a5130922f769aa5c4b95c1ac1f0622b3810
104,miniprogram/pages/assessment-answer/index.wxml,1,1,48,48,66ecdec727e81a7f19dff15702ece3ac2978edd704c0a3e9368c3c13d84689a0
105,miniprogram/pages/assessment-answer/index.wxss,7,7,41,41,62a16269a8f3cc56ebd43c77cfeb66064e3b7c74271e8526c73dd8e1207f8a32
106,miniprogram/pages/assessment-center/index.json,1,1,1,1,87dd1e52b66fe51b98cb28805881669966615b909bc3df577dd58aded9977921
107,miniprogram/pages/assessment-center/index.wxml,32,30,64,62,b953ec539c985fb09bf388d5a0eb58e66820c172a2fdb97661bf97df26619e79
108,miniprogram/pages/assessment-center/index.wxss,5,5,18,18,ba1c70295cba629623cb8cfc75cb6767442c62c17042cfc786384b66fe4bd4b9
109,miniprogram/pages/assessment-result/index.json,1,1,7,7,4a920fe4f2f8e939da403c489ff8cd0ba34db74db1786c6dea0db1693d09063d
110,miniprogram/pages/assessment-result/index.wxml,1,1,74,74,bb6f6db9e2363625d9f9ccaea942fa6cc22a9b978289d2abc6a937e7e0871c9a
111,miniprogram/pages/assessment-result/index.wxss,9,9,45,45,e4c57c732ca6e75e34262d7483684483c93b571f0d6f827bc352f780d19440a6
112,miniprogram/pages/delete-confirmation/index.json,1,1,7,7,4a920fe4f2f8e939da403c489ff8cd0ba34db74db1786c6dea0db1693d09063d
113,miniprogram/pages/delete-confirmation/index.wxml,1,1,21,21,1990358de57f5c89dfc5b0ff7a74a56df4a9a0df778db1edcebec1ce1e1f00d9
114,miniprogram/pages/history/index.json,1,1,7,7,419e4452522df2bff1efcd79131a38af80312da6da4f1c6618cd2570aab1077b
115,miniprogram/pages/history/index.wxml,1,1,38,38,781bfd9b5e8d1b33723aaa7afea6413d201f06d4044319c56f501a5c56af1061
116,miniprogram/pages/history/index.wxss,1,1,3,3,d4257449a8b70502d0941ebd711204e1aa1d2f9a88325f4f8d9bd9ec4eaef5e2
117,miniprogram/pages/identity-verification/index.json,1,1,7,7,4a920fe4f2f8e939da403c489ff8cd0ba34db74db1786c6dea0db1693d09063d
118,miniprogram/pages/identity-verification/index.wxml,1,1,30,30,854d682df6d40a8c50b11618e521f0756f5c247a570c25a6c133692d3885c766
119,miniprogram/pages/my-content/index.json,1,1,7,7,419e4452522df2bff1efcd79131a38af80312da6da4f1c6618cd2570aab1077b
120,miniprogram/pages/my-content/index.wxml,1,1,31,31,122dce7e362973d4dc99b193f442c77b742a71514a17c952f4de7933e82ce0e9
121,miniprogram/pages/my/index.json,1,1,1,1,87dd1e52b66fe51b98cb28805881669966615b909bc3df577dd58aded9977921
122,miniprogram/pages/my/index.wxml,28,26,78,76,6b3dfffeadcff301c22eb8123349f82c346c32629b72c54c0d549b58233c922d
123,miniprogram/pages/my/index.wxss,5,5,29,29,6a72e7386c5cd7ee6bc217b8d257c2bc9851f6ec790774abef88a0636e7b36ec
124,miniprogram/pages/onboarding/index.json,1,1,7,7,4a920fe4f2f8e939da403c489ff8cd0ba34db74db1786c6dea0db1693d09063d
125,miniprogram/pages/onboarding/index.wxml,4,4,28,28,9415c4add6503019bed2f9724c1a272cf5568abac8d4056374e623f0a3e2136d
126,miniprogram/pages/privacy/index.json,1,1,6,6,07c90ef40170c2e9baa520c59f652d2466d71f2eb8c978334a7862947fd1e857
127,miniprogram/pages/privacy/index.wxml,1,1,23,23,ff47ca0e7ee3daedec02d9090136f0f8e7fdc433e027b24537253a08fe695d80
128,miniprogram/pages/privacy/index.wxss,2,2,12,12,be5c1e240a51004724ea2ef8f8732afc430f39e9d58491865ac1b60f9919c4e0
129,miniprogram/pages/safety-confirmation/index.json,1,1,6,6,07c90ef40170c2e9baa520c59f652d2466d71f2eb8c978334a7862947fd1e857
130,miniprogram/pages/safety-confirmation/index.wxml,1,1,24,24,dec1299d9a038e3a724adfb610d7d908780b3e284f80b0a1959b011f8078fc06
131,miniprogram/pages/safety-confirmation/index.wxss,4,4,24,24,b75dcca769491dda4beb419223f81a15c1459e310a4f35151a014dd4097e3ef1
132,miniprogram/pages/support-resources/index.json,1,1,7,7,1cbac8430e13ca7aece471f5f819724d35fc7528ede3a1a0c7204c6bb9674af6
133,miniprogram/pages/support-resources/index.wxml,1,1,39,39,13a109039952522d5cbb61124782a4e63ebb26a9b04950d237133bb872bef26d
134,miniprogram/pages/support-resources/index.wxss,2,2,13,13,1f7d4f82312153570bfe464bbb5ed9d6a4e7bbe76bcd6d96132131ab688cc16e
135,miniprogram/pages/today/index.json,1,1,1,1,87dd1e52b66fe51b98cb28805881669966615b909bc3df577dd58aded9977921
136,miniprogram/pages/today/index.wxml,82,75,141,134,e13bc95e652ceba6cfb0ae4cfabbfc0e162e05e4d85b885153dc0372cc54d4af
137,miniprogram/pages/today/index.wxss,19,19,131,131,eec504619fdb75c470b900790bf0123306775a3849114dce95ddd7b24548593c
138,miniprogram/pages/treehole-detail/index.json,1,1,7,7,1cbac8430e13ca7aece471f5f819724d35fc7528ede3a1a0c7204c6bb9674af6
139,miniprogram/pages/treehole-detail/index.wxml,1,1,44,44,b778d93979b8927c7c9e307edb1816eeaf4885acd729d4d809f96cc4a958ad6a
140,miniprogram/pages/treehole-detail/index.wxss,5,5,24,24,b343239c2933c5428aff85f53291e05bcf56d7233d5af2328005c85d39794b1f
141,miniprogram/pages/treehole-publish/index.json,1,1,7,7,4a920fe4f2f8e939da403c489ff8cd0ba34db74db1786c6dea0db1693d09063d
142,miniprogram/pages/treehole-publish/index.wxml,1,1,34,34,c023bee868ba1723157c49b33483dd0d440378745772bc00149e2b7f672c9474
143,miniprogram/pages/treehole-publish/index.wxss,2,2,7,7,fbf6cb5fd4cbc39bf12e872bb5739e118ce4adf615af33c9594a1fb643278b11
144,miniprogram/pages/treehole-status/index.json,1,1,6,6,84858aec60f39c715222c2882748e8f0defc7ed66be05e7e10a137c25862d169
145,miniprogram/pages/treehole-status/index.wxml,1,1,13,13,9e3bf71fe38f00bd94ca19752d031b2d00cf88129cef31c0f06df6088b854764
146,miniprogram/pages/treehole-status/index.wxss,1,1,5,5,e5d124e23613000a83045c1e9f3e1a1c6f492c997c41f55626d63681b8e8833f
147,miniprogram/pages/treehole/index.json,1,1,6,6,8a0880d3bd957b3c03bc528a486034f1d3383930452cf5148f00ed5db2356cc1
148,miniprogram/pages/treehole/index.wxml,32,29,69,66,944b77b317600a0a7795037d1acab6cc4c7e3139619a6782b406115415d673b6
149,miniprogram/pages/treehole/index.wxss,18,18,111,111,b8454889cb9ba0d354c5ff9247ee2c38c8a157bc756b14113b708855d7c888c3
150,miniprogram/services/assessment.ts,143,128,295,280,cd30b009be7eb636e0f66fbf603690006bed26e2bcbbd43090ae03068443e380
151,miniprogram/services/auth.ts,80,73,188,181,cd4f5375ead27f55e2d7c5f912dfa3ccc9a0ba600f4e27ef0b7d4e1cea294b58
152,miniprogram/services/display-time.ts,9,9,9,9,149574a20eafe914d91200bb788815af2b7954b9069f31eb00b4682f72e5e9d5
153,miniprogram/services/http.ts,148,140,373,365,4354e725cbd7628418b6bdef3096d29fca4d84d2f28084ae934e10efe7fa449f
154,miniprogram/services/me.ts,22,19,62,59,1eb41230b4182a902cb96d0eed7a49f0b4feedc457e9ce7ed320f6c5d4f1fe37
155,miniprogram/services/mood.ts,28,24,30,25,4534b06bf77441792a1e38a6d0b2dbb8980764e06ac479edb23167294bc13112
156,miniprogram/services/normalizers.ts,87,77,145,135,e794f903a90b5499886ab986edf258768d65707b6272a2e294ed034fc701c2f0
157,miniprogram/services/today.ts,22,20,56,54,b7b8ef9f5cff54a7f268214c23189668c2b48bfd98cee8bf74dd2462c88d48e4
158,miniprogram/services/treehole.ts,40,34,61,55,1be945aed7a32a11d8b158db2b1efa70caf93157179af44582cd39560c9b166c
159,miniprogram/sitemap.json,9,9,9,9,d68644e4b82ee0e4e2e7af64b172571e48a8338e08788c21d337d0756930de42
160,miniprogram/stores/assessment.ts,23,20,44,41,759a25a8f8453253a89f8d5bad8b2dbb811849b45d4f81c0f56b21583ab83045
161,miniprogram/stores/session.ts,39,38,39,38,f52840902758bd2b28171a650141ae63369758bcbb61a1bab30c5b2e8b28738a
162,miniprogram/types/api.ts,168,148,168,148,26eb192cd79a4a5b2f9309a75715891f39a3df0ee77e99ba3534f1c328167ddc
163,admin/src/components/AdminShell.vue,157,139,153,135,79d96f09f15441b094b8c8cb55bda122a2a0ab5d3aeeb30229662a8753c8055e
164,admin/src/components/AuditTable.vue,75,75,73,73,0fddd33a8e689645ca31f9b5df12384158cdee692d412f63498ab96f3a4bcd44
165,admin/src/components/ConcurrencyState.vue,19,19,19,19,b0fc752196b6279bb2df8c92e52c0e65fb34c5538fcb0e61021cc5a5eb96512f
166,admin/src/components/DemoResetDialog.vue,111,111,111,111,19cf0c153623e51405cced5bcc143cc24f4684c3cf6cc9a6b0bba168d98778aa
167,admin/src/components/DesktopWidthNotice.vue,55,47,54,46,5be2161aac8faa1e99f040c6f60663ecd3b6c8f1c1bf45693f8bbcdbf1e74a4b
168,admin/src/components/PermissionState.vue,18,18,18,18,5a02eb1a593a7561c2effa47cb5feb2803d4af3f93df8dac952b35e5e1c70c0d
169,admin/src/components/SessionExpiredState.vue,28,28,28,28,517f13c2fe583c7bbd63e9b7a4db0b06291f8aabf24cf094e47f31b592440e6d
170,admin/src/components/SubmitFailureState.vue,18,18,18,18,883831695bab3cd3b48b99c10cc230c0ed5279816c627d59de97447e1c88fa05
171,admin/src/components/TaskActionPanel.vue,294,294,276,276,64d31452123338e4b11bcfc349f072ab3ccc3b08c39df670e2c09b9904c49781
172,admin/src/components/TaskCard.vue,70,70,70,70,ab1846f76a9fb51e45c5bdfeda7a80eae771abd7c9b7ce2044211abda742d343
173,admin/src/components/TaskFactsPanel.vue,85,85,82,82,cfcbf81fa2610723cba4b24ff74f973605fe7472207a83c9126f8cc2b34c8b5b
174,admin/src/components/TaskSection.vue,108,108,108,108,25ba2896f0bfe4e9c0320482350c7a9cb17c43978c8ce871fe14dfa3e948d112
175,admin/src/components/TaskStateBar.vue,38,38,38,38,bef62eb0ba05388d1cceebbfadb50ca24c63dd5d2a62dfe540cfac74f6decdd7
176,admin/src/config/runtime.ts,21,18,19,15,a0c96d024c556848259ddb614e8bd3e835cf9360d1713aea71cca3cd399a9acb
177,admin/src/router/index.ts,29,26,29,26,22d5d3436f46859ef2d2047a662c9eb6df664fa3dd5a8725e8a8b3832dc76395
178,admin/src/schemas/api.ts,88,78,88,78,8066a55c1caca6cbcdcf55f360fb987935a331d834e7d1938fe358c78ea74ab5
179,admin/src/services/adminAuth.ts,97,88,93,84,c4df9ff066791fdd02f0a2149570edd6f39f775a8b0078ba75b39eba088c4af0
180,admin/src/services/apiClient.ts,102,95,96,89,82f992064ff161d707e34af3e672dc422c29f90adcc812fb1a4d61c56214ce3f
181,admin/src/services/audit.ts,322,313,319,310,094d02812de56d84129a52f9afab5328feb6950c7d83044a7334d4f969a60b36
182,admin/src/services/taskDetail.ts,103,95,99,91,fd27464ab3559103baf84a9a7b8834ea8cac7160d7836e5f2088d4da22ea52ed
183,admin/src/services/workbench.ts,58,55,58,55,9933dd056617f87ef269c6fe05fe74b408e746f06becbfa298d8861306fa71b3
184,admin/src/stores/adminSession.ts,69,63,68,62,916bfaf0b0dbfd92e0c02f7ea26ee5f03225a97f435e618ac7e0456229b5751e
185,admin/src/styles/base.css,33,28,33,28,d481a04278c13d5877643f1b08fa3fbae3c586730dd3176229508cfc30a4b6ef
186,admin/src/styles/tokens.css,30,30,30,30,2e39617a6947e4b0b52f2e7816ec98a595a70912254ec996b3ee06d128627a85
187,admin/src/views/AdminLoginView.vue,170,152,168,150,2cbadbac42ed3dccfebc3add6cb9cfa9e1ea6eaf6b1731d064df31b09ea99af8
188,admin/src/views/AuditDemoView.vue,356,355,352,351,0bcc530ab0faf97e973dda7275800b78e255cab568cd0565fb6107b68f373de5
189,admin/src/views/TaskDetailView.vue,250,243,237,230,fb60579a0568770d6ae96f12fcd2caa81a0ea2ac611f1cb29b7fb7c1d8289902
190,admin/src/views/WorkbenchView.vue,195,195,191,191,6181847bfbcecc7ae5c22b745bb2e81ec3d9c462fa946f35d85ab508f494794c
191,backend/app/__init__.py,1,1,1,0,9c14454845e0fc78a8b38670c13feeb3b5d4e4c5ae3504dcd481f74de4e74153
192,backend/app/api/__init__.py,1,1,1,0,6855cd092f045a94589a63ff8d088ff0a7074b7efce6a29ec855c975499e2a7b
193,backend/app/api/admin_auth.py,55,43,55,42,05ff64ecaa43019d657c67699667b14f74c0186cc24d4d9a9c03d35d96886624
194,backend/app/api/admin_identity.py,57,47,57,47,824817f245e348377731a5ac5f438d543b6f0262609183ba07ea1185490e6750
195,backend/app/api/admin_workbench.py,252,226,252,225,aa62ab6b186bc3de9ea9eb6b137df5d2925f72406bcd9d94b438c2e40f77a0cd
196,backend/app/api/assessment.py,178,156,178,155,223d159ac61301547efde48614b900197fc1746ddb72855cd0424a287aad5ea8
197,backend/app/api/auth.py,69,57,69,56,37c7f7d67bdd92f741113ec9e5de85dbff979d2ec2a1127116b2b40bc029eec4
198,backend/app/api/dependencies.py,149,116,149,115,b00398d271e7736153b038bde6f5dd6fdfe78ddf448d05f32a45e7b35b31cb29
199,backend/app/api/student_core.py,255,220,255,220,3ac792591aac1ea06cfff15adf69c527b223481e52235fec7b429e239eaed3fc
200,backend/app/api/treehole.py,143,123,143,123,e875e9abe1a9922fa3eee8af52d6ea46b859e2a0e328affa544bd4fcfb8145cb
201,backend/app/audit/__init__.py,1,1,1,0,4f02cf0ebb1d2ef69b39e337e015c844bda7b60996fcc0b8b96261d6b596c9d5
202,backend/app/audit/writer.py,95,85,95,82,a45211a42d8680df4ff00d2f2d5f7b36e4d5ef426a406262e579aae686a98ec3
203,backend/app/config/__init__.py,1,1,1,0,bb37d21e56d6963316a9bbf0f564d7537750f7bcdf7cd54b3db172bde9d8abe3
204,backend/app/config/ai_prompt.py,65,55,65,54,c469f514123df6b075c5e6ff9fef40027d374cdec1b6417f99e7dd11568d2540
205,backend/app/config/deployment.py,64,48,64,38,787ea0c584b022a7a4c457ed20d7cbe6d3d4fe1c8590c6a5287b0dd97825d133
206,backend/app/config/environments.py,90,71,90,62,9b0eee434198b168106ec7f12ec3ab5753a6194040bd7bcb73bf200cb5655ea8
207,backend/app/config/settings.py,141,120,141,113,0a4af325368ad13d21876554de676b43d12f40aa4ef7a12a2a7186e8ba3b9d24
208,backend/app/domain/__init__.py,1,1,1,0,991a9e654f1130a35dbc02595e5b958353396ec69592f6938ab1a28c562fefaa
209,backend/app/domain/ai_policy.py,261,233,261,231,6cec53c7397bbfb2641f01ba0881201158484ca89155e4983ce3bdc78fc46cb7
210,backend/app/domain/assessment_rules.py,665,612,665,610,3a2432eab0de810a840448d04aec4cc5cc4b36e4e2c1981ce796ac5a8d891cba
211,backend/app/domain/models.py,498,419,498,418,443d198e1e06e521f24f5e8c4ee0faf0e5d290bed2bf4b35d4809bf70594dad1
212,backend/app/domain/safety_rules.py,62,52,62,51,dca6332686f82fa495018e2951b4af37ebcfac01fa275d53e1ae24150ef2ded2
213,backend/app/integrations/__init__.py,1,1,1,0,f8fc6d03321dc9c52c9efdb975b7f5f6243d0f089f788a359d79a66e3fcade3a
214,backend/app/integrations/deepseek_client.py,97,85,97,80,8a79d43b84c3465a83de654d338690fb01638240c87d18d71ed1a6384c256628
215,backend/app/integrations/school_identity.py,97,85,97,84,4dc29a50062cd9ad75818975e7e28c708751701bd79b3d6260435da04eb2d215
216,backend/app/integrations/wechat_auth.py,60,52,60,51,e33d7451bd0a90fc8b665391faa92e7400e77237bfb009d783d00a92aab2fc6e
217,backend/app/repositories/__init__.py,1,1,1,0,0f270b5c6fb0b16da8fd3465d0b6778d354bd07035d6292e9633269ed12ca1f0
218,backend/app/repositories/audit_repository.py,46,36,46,35,4767c3e4483ede297ca3eeece828d87c273e2d3715d9e3a72bfd05f3c44ed262
219,backend/app/repositories/cloudbase_gateway.py,269,238,269,232,9b9216651786062edbc634c146ec804a3c1c2f8ac19048a53b9f5a3a6936781d
220,backend/app/repositories/collection_registry.py,511,487,511,486,7d94104422e90340c1e24e0c7da6f14bc5b77a3d8fa8188f5d105b14a88131e6
221,backend/app/repositories/domain_data_repository.py,805,733,805,731,709492245702406bacf3d28734a6e7b50f426f328e0c2566588db9f28bad9a13
222,backend/app/repositories/idempotency_repository.py,110,96,110,95,ab4580d64b19e2c8edff99200d468c46ad44483f57c23af3d8629bcba46c70aa
223,backend/app/repositories/in_memory.py,108,98,108,97,b198c651b6fb141d37bbcdd7d7d6c54da4e35a4dfd14f2c4856229dee6d5588f
224,backend/app/repositories/protocols.py,61,44,61,39,2a3ba18a3fa51bcb0b6b692afe69dc8ec44dd11987fae5d78c2d05071c0ec4b2
225,backend/app/repositories/session_repository.py,72,60,72,59,43718330a886d15b0fffc383ec2bec5c00208a410de006c94256148016a3d931
226,backend/app/schemas/__init__.py,1,1,1,0,19292800c82264b79028e010c1a0434af2f055a94453026a054ea03cb7dfc7fa
227,backend/app/schemas/admin_workbench.py,140,96,140,95,e52c177de54f83f5c6cd423ca8301eed57ff8b7472167827314174730fb5e431
228,backend/app/schemas/assessment.py,179,119,179,118,fada7bafa312466c9e189bfe9763419e01cf50be55e269f0ee26c40e319a1aa4
229,backend/app/schemas/auth.py,58,37,58,36,283236076df67364bf476403533f726472b558d102b66aa72161a137c9613e25
230,backend/app/schemas/envelope.py,25,16,25,15,4455a6378732860c591960acfd2ef8a1a2064cdc5aa5062685d40b0b527cbb3d
231,backend/app/schemas/errors.py,89,72,89,70,7e28bcd52eb2d277cc9483f9fa1f90283c9c30149b527781b4f94e2c725a1cdb
232,backend/app/schemas/identity_access.py,38,26,38,26,fb77bf31207ea215c242e9becac902038e344ae7b1e417e39e984f358ed6f607
233,backend/app/schemas/student_core.py,93,61,93,61,71615d150dd049d17d3ded668bddc36cabdd4f0a84dc281be1c6e93c84013143
234,backend/app/schemas/treehole.py,92,65,92,65,dcf0b69a7e75d7222ac99f80d449b1b3b2dcb6c33ca0dcc60f35773aed3f5e44
235,backend/app/security/__init__.py,1,1,1,0,6bd4dd57b3c62dbdc036fca7818b76873000f3b984d1adeab3bc1d9db71858b6
236,backend/app/security/passwords.py,47,37,47,36,639023bd05aa52f1c84f2c43e9230d4af26f6b5dc616234fdb0f7d488bafed0c
237,backend/app/security/tokens.py,178,159,178,158,11a3ff8f0cb4d48b4a54534e73fb3ef0c87d7fef4a0885f5ccdb1f30ec74c686
238,backend/app/services/__init__.py,1,1,1,0,8d83ded6ec95cebe7eb95ee61b3650bc697381b881288b3a2357a87e5e606316
239,backend/app/services/account_service.py,194,181,194,181,34c28d4a1acdb54b17a5feee3eea6a3de31fcbe52eaa4e6625e100d036abc9b9
240,backend/app/services/ai_assist_service.py,362,335,362,334,1ce5e2687cda8da97e1879b50dc9a3f7a7212eb1e61f676fbd40cace2366ad3c
241,backend/app/services/assessment_service.py,962,917,962,914,644014ef14cd5fcaf5450fa854b195f1026caf9669d1d10e40dee2ce4c9cb31e
242,backend/app/services/auth_service.py,187,167,187,166,573ca8bf2d5915bf56dbb7dd2905a41aab6cfdbce104d913285785190c7a5050
243,backend/app/services/bootstrap_service.py,91,86,91,86,18e4d204e46872aaecf0294dfc7dec7063b9987e2863ddf3006651163acd3fe6
244,backend/app/services/consent_service.py,314,289,314,288,0f8a2560afaded9f50fa287905298bb72be0221d187dfcf785e6d5cfa7a654f4
245,backend/app/services/idempotency_service.py,152,133,152,130,0a0d677dcf2874244ddfa8100a52e646488f731c8c60b60ca38d6d890906070d
246,backend/app/services/identity_access_service.py,289,272,289,272,ae3569d849cca11e8123b775c4358cea7156ce351f6a6cd0998682da30fcacd9
247,backend/app/services/identity_service.py,583,522,583,515,cbfc566ced96766183518065314547387a00fa03da9192f1360873aae800db26
248,backend/app/services/mood_service.py,415,372,415,371,32f749ea1f4340043abb782a791b3cf0a0de9e9b24b0516b4662c6f793259428
249,backend/app/services/quote_service.py,72,56,72,55,089fd599eccbb59e4f2e837769a57756c4325e4c17fb55e22caada0440e8d640
250,backend/app/services/support_resource_service.py,115,99,115,98,b077f79e6234dbd2c50f9e08190eac201058bf50974b58c4a21fdc7c6474af76
251,backend/app/services/today_service.py,176,152,176,151,d446247099c93ce87a6584bc5d9f36e4a4a90e1380bac3fb8bcee6853a5e7a6c
252,backend/scf_bootstrap,4,3,4,2,1f279cdc6b4714900592530fdff6845a232764f3de1d070ebb62ce6dc65d1aa9
253,backend/app/services/safety_service.py,516,489,516,488,b8daeae95355135b3b28d4075cc027d3f1450fc1a6b0bd0783734b2b2885deb3
254,backend/app/services/treehole_service.py,643,609,643,609,e1a1c5afe7139fbe4a6a6ecedcb52246eb96689b8a68999912997b505a3ffb5f
255,backend/app/services/admin_workbench_service.py,479,449,479,441,f7081fe71b4f0e4564ff2a59e81cc0a28fb580d928df6ef57a60f0f33c8bf34d
