图号,图注,原文件,SHA256
1,图1：软件总体架构图,architecture.png,a5a8e148372efd52e4f09095fcb942ab7a348d3b2efea23452ad34a38f34eb7f
2,图2：业务请求与数据处理流程图,data-flow.png,6d980125f45666a42a220651c0106da381816a2eeb1f264a619620ff22388f8c
3,图3：首次使用与基础服务同意功能界面,01-首次使用.png,ab4b6e6095df9d0f55091f064def2311d90a87900141e3f3b38001474bd6bb71
4,图4：身份核验功能界面,02-身份核验.png,a30168cdbc5b5b0c65ac99717309ac17d71cd338adeb05c5b7993a05a1b36acb
5,图5：今日首页功能界面,03-今日首页.png,6a0764b595ca40e891227251bf499427ee4975c7b41518e6db6b5ff51721fc61
6,图6：今日快捷入口功能界面,03B-今日快捷入口.png,40a7c18ddccee40d68f3c4c117085cdbc0d90358b9a231db36933de192d4ae2f
7,图7：心情选择功能界面,04-选择心情.png,83afd0878db0b25bf7ebdbd8d26eed32d162a18a0169d69f2d70f4ffec27df55
8,图8：心情保存确认功能界面,05-心情保存成功.png,2b48f7225e6776f5f71472d7daa12a684f428ead91cc30efab9a1723b1f01fa9
9,图9：自测中心功能界面,06-自测中心.png,83c24496298cc96e3413b102a254a00933e6fd4c1afa4707550a73835fb3f9ec
10,图10：焦虑自测答题功能界面,07-焦虑自测答题.png,ebc14c41208e6da2ede85b7e56ab17be641a4afcf6f4e935949688ed00405869
11,图11：自测完成提交功能界面,08-焦虑自测提交.png,7193fedb4727ff56f685203063934759488493a7750033cec5fdb477b570bef2
12,图12：焦虑自测结果功能界面,09-焦虑自测结果.png,48e7f204a975e6a35e9674cc0b41ee26f67e648215411797151c0f40211f0c3c
13,图13：睡眠观察答题功能界面,11-睡眠观察答题.png,7b98845719ff441d8baefb109d1cb3a8f7fd8e4a3f2a07088451b0748979607b
14,图14：睡眠观察结果功能界面,12-睡眠观察结果.png,3b145ff28632f01c44ca5832539e446291cf404b85887f87249c8b66f0924ef3
15,图15：情绪自测答题功能界面,13-情绪自测答题.png,37e13f0f649a390ad73494490faf6150616bfe5e0c6984a7f4d3cb5cb8889523
16,图16：第九题安全分支触发功能界面,14-情绪自测第九题.png,7d09ebe079efa6522c2a30e5d3be2c62a8607e9026394ee9589ca253f03d7999
17,图17：安全确认功能界面,15-安全确认.png,6b97a7c7f4718e32fdc8308e47083f9fcc3f23eba116dbd08daf839498a31405
18,图18：安全支持资源功能界面,16-安全支持资源.png,f0c4656bbc72b31d0de3e999b00fe5130ac6c71389ccd6d195e68bcd4a712cd6
19,图19：受限安全结果功能界面,17-受限安全结果.png,ac193e9cd79970646d96541aca4cd997638ce9a5e269c00068e9ad1a138934bb
20,图20：普通支持资源功能界面,10-支持资源.png,c29f402e57a6c89bbd31a223510c7ac80a02b1f1c611c68f90f215623f81fcb2
21,图21：匿名树洞列表功能界面,18-树洞首页.png,4e69e79b5a11640c9c34a489515bda18a200828cf11989ad34a11f5c8b2cd43c
22,图22：社区内容同意功能界面,19-社区同意与隐私.png,3c1c1907b2ceabf9c2f3f84331668bbb88c710d1ea25cecb59ba1f85146d0ac2
23,图23：树洞内容编辑功能界面,20-树洞内容编辑.png,1ca037e397c98637b9949784a76ace0abeae0b4324a61ee9f0c276da2d96bf57
24,图24：树洞提交确认功能界面,21-树洞提交确认.png,88e89303f003752c6c03fb0fc7ce98303299ce868142c4fe03d161d4c4b8a3f2
25,图25：帖子提交状态功能界面,22-树洞提交状态.png,a4bec452de8ef3eadd4c2bcfac8a87cb6725465c213149affc1e7aa2b5c2d482
26,图26：帖子详情与回应功能界面,23-树洞详情与回应.png,289cf81b4ac9eeb67a284998e67f441579ee77644fb8200dcbd579468b15c6cc
27,图27：个人中心功能界面,24-我的首页.png,56b14cc21f7010e122dee24d8da0da3f70acdc8e2b3dd2b3d229ef7d16d8d1ca
28,图28：匿名身份功能界面,24B-匿名身份.png,49dea75a260079d9cb589a8203da0b7908bc3ae6b328d946ecc0e48b6d8b7fb7
29,图29：本人树洞内容功能界面,24C-我的树洞内容.png,75112c2a00d263c905d062243ed6d95dcb7d1b174db71cd367e2a34e6292df8f
30,图30：本人历史记录功能界面,25-历史记录.png,78b65f117f379a7ec82ab4eb23463d449d81ed4114f28a9d8cbd27f8ec7dc465
31,图31：单条记录删除确认功能界面,26-单条记录删除确认.png,28af67166ad20dfee1896f7616ce75e38dc685e847343c60f3d067f97c99f362
32,图32：社区同意撤回功能界面,27-撤回社区同意.png,66a0aa487c1f27f38a151ebdf57d2f35a3309747873597c659b8e4683cf720de
33,图33：停止使用账户确认功能界面,28-停止使用账户.png,97bfce16752feebfd68b4e2a5980bbc1422802fed81b8774dca391c6cfbb52e9
34,图34：恢复账户入口功能界面,29-账户恢复入口.png,d026a823bc72a2864295bc48237bb4ffcc28000239162d1c6f4cf6150410521b
35,图35：账户恢复后的个人中心功能界面,29B-账户恢复后.png,6967864cd0e0d5cad213cc3580e690ea130913fe9cad0279bac4b3b95421b022
36,图36：工作人员登录功能界面,30-后台登录.png,a5ba406450ee83dd77fa9efd48829a7f0eeeaf3abcaf063227fab030234584e2
37,图37：统一任务工作台功能界面,31-后台工作台.png,c024a21a3c410c9b9886cb04d5f1263898c753370c32967616f4a0a3ef2ccd24
38,图38：内容审核任务详情功能界面,32-内容审核待认领.png,0c167988d900d0714c65df4c1b7145382bb98d84e22828829e0b19dc1109f298
39,图39：内容审核决定功能界面,33-审核决定.png,488f9256e4ed3e165bd1932d92e7f3962588570266dc4f8175c942e821c2b1fa
40,图40：审核提交确认功能界面,34-审核提交确认.png,e272da33f03e2c1aa987d3551576ae07160f856367acbfa72a6263539b78379f
41,图41：任务处理完成功能界面,35-审核处理完成.png,4b3cd04f5e110631fa50245d4f4a803a10b433599988b147ac777d3601e3982e
42,图42：后台安全支持任务功能界面,37-后台安全支持.png,6ddf2f8acc568d5433fe812cd57b9e03d57b7db6bcc4e92ca735bfc019022598
43,图43：后台身份授权任务功能界面,38-后台身份授权.png,e80ad2c73a1da253bd26cc9da4c5aca356910d787226af7f7163ce25654f2741
44,图44：后台跟进记录功能界面,40-后台跟进记录.png,5fc06c8d7fe3db226ac081e300ad49246fbaaad5a48e39bc72c1b468add5d89f
45,图45：只读审计日志功能界面,36-审计日志.png,298b36afc276824950db84a4af0bdb3982f7a7de755b3cf92161be6fe5419614
46,图46：后台会话失效功能界面,39-会话失效.png,7a389070b527c985f0585fde75f241d9fa5ce0c2a6a37a3255b81a571b2cb86a
47,图47：演示数据重置确认功能界面,41-演示重置确认.png,e2e2b20ef099004a9eb617251e2c4b693b231a10d2253e8cb4d8f59653860d07
